{"cameraMode":{"drawMode":0,"name":"Shaded","section":"Shading Mode"},"sceneLighting":true,"audioPlay":false,"sceneViewState":{"m_AlwaysRefresh":false,"showFog":true,"showSkybox":true,"showFlares":true,"showImageEffects":true,"showParticleSystems":true,"showVisualEffectGraphs":true,"m_FxEnabled":true},"in2DMode":false,"pivot":{"x":2.320617437362671,"y":1.100862741470337,"z":-1.058934211730957},"rotation":{"x":0.006330317817628384,"y":0.9909708499908447,"z":-0.05058339238166809,"w":0.12401751428842545},"size":4.467075347900391,"orthographic":false}