{"cameraMode":{"drawMode":0,"name":"Shaded","section":"Shading Mode"},"sceneLighting":true,"audioPlay":false,"sceneViewState":{"m_AlwaysRefresh":false,"showFog":true,"showSkybox":true,"showFlares":true,"showImageEffects":true,"showParticleSystems":true,"showVisualEffectGraphs":true,"m_FxEnabled":true},"in2DMode":false,"pivot":{"x":1.0128488540649415,"y":0.833773672580719,"z":-1.3633708953857422},"rotation":{"x":0.006330317817628384,"y":0.9909708499908447,"z":-0.05058339238166809,"w":0.12401751428842545},"size":3.781888484954834,"orthographic":false}